City_ID,City,Country,Lat,Lng,Max Temp,Humidity,Cloudiness,Wind Speed,Current Description
0,Dikson,RU,73.5069,80.5464,31.12,69,100,1.36,overcast clouds
1,Ponta Do Sol,PT,32.6667,-17.1,75.7,86,92,1.3,overcast clouds
2,Guayaramerin,BO,-10.8368,-65.3614,93.25,49,40,12.66,scattered clouds
3,Port Alfred,ZA,-33.5906,26.891,63.18,90,100,3.0,overcast clouds
4,Bluff,NZ,-46.6,168.3333,36.81,69,89,23.06,overcast clouds
5,East London,ZA,-33.0153,27.9116,66.6,79,86,9.22,overcast clouds
6,La Ronge,CA,55.1001,-105.2842,37.65,56,40,10.36,scattered clouds
7,Pangai,TO,-19.8,-174.35,75.31,94,75,6.91,broken clouds
8,Bredasdorp,ZA,-34.5322,20.0403,56.14,72,15,7.83,few clouds
9,Hithadhoo,MV,-0.6,73.0833,82.74,74,94,17.4,moderate rain
10,Vaini,TO,-21.2,-175.2,73.56,100,75,2.3,broken clouds
11,Punta Arenas,CL,-53.15,-70.9167,51.91,46,75,12.66,broken clouds
12,Coruripe,BR,-10.1256,-36.1756,83.23,60,82,9.86,broken clouds
13,Ushuaia,AR,-54.8,-68.3,49.66,46,75,9.22,broken clouds
14,Albany,US,42.6001,-73.9662,60.69,85,99,4.52,overcast clouds
15,Rikitea,PF,-23.1203,-134.9692,69.49,58,41,21.52,scattered clouds
16,Sakaiminato,JP,35.55,133.2333,64.38,68,75,12.66,broken clouds
17,Mahebourg,MU,-20.4081,57.7,71.89,73,40,9.22,scattered clouds
18,Sitka,US,57.0531,-135.33,64.29,63,100,17.27,overcast clouds
19,Meulaboh,ID,4.1363,96.1285,74.68,93,100,5.68,light rain
20,Anadyr,RU,64.75,177.4833,41.5,93,75,31.32,light rain
21,Mayumba,GA,-3.432,10.6554,76.77,86,88,9.08,light rain
22,Cape Town,ZA,-33.9258,18.4232,62.1,61,20,11.5,few clouds
23,Souillac,MU,-20.5167,57.5167,71.98,73,40,9.22,scattered clouds
24,Busselton,AU,-33.65,115.3333,53.69,54,68,9.62,broken clouds
25,Butaritari,KI,3.0707,172.7902,81.57,71,28,20.65,scattered clouds
26,Komsomolskiy,UZ,40.4272,71.7189,57.92,33,100,6.91,overcast clouds
27,Touros,BR,-5.1989,-35.4608,84.85,60,1,17.67,clear sky
28,Saint Anthony,US,45.0205,-93.218,72.79,66,20,8.05,few clouds
29,Nanortalik,GL,60.1432,-45.2371,37.69,90,88,12.28,light rain
30,Micheweni,TZ,-4.9667,39.8333,76.19,82,57,13.82,broken clouds
31,Cartagena,CO,10.3997,-75.5144,80.22,83,75,9.22,light intensity drizzle
32,Saint-Philippe,RE,-21.3585,55.7679,71.19,78,23,10.87,few clouds
33,Coromandel,BR,-18.4733,-47.2003,86.43,37,19,4.7,few clouds
34,Hay River,CA,60.8156,-115.7999,35.58,64,40,11.5,scattered clouds
35,Longyearbyen,SJ,78.2186,15.6401,39.04,75,20,18.41,few clouds
36,Khatanga,RU,71.9667,102.5,13.01,97,100,4.63,overcast clouds
37,Kapaa,US,22.0752,-159.319,71.92,83,75,6.91,broken clouds
38,Hilo,US,19.7297,-155.09,81.28,89,75,5.75,broken clouds
39,Tasiilaq,GL,65.6145,-37.6368,35.76,65,42,3.27,scattered clouds
40,Bani,DO,18.2833,-70.3333,85.86,61,18,12.06,few clouds
41,New Richmond,US,45.123,-92.5366,71.83,73,0,5.75,clear sky
42,Mitu,CO,1.1983,-70.1733,96.35,40,65,1.01,heavy intensity rain
43,Surab,PK,28.4914,66.2585,66.24,17,0,3.83,clear sky
44,Mareeba,AU,-17.0,145.4333,68.72,91,50,2.86,scattered clouds
45,Matagami,CA,49.7502,-77.6328,59.11,88,75,12.66,broken clouds
46,Paamiut,GL,61.994,-49.6678,37.08,91,100,4.0,light rain
47,Ouango,CF,4.3133,22.5552,78.15,79,80,1.45,broken clouds
48,Scottsbluff,US,41.8666,-103.6672,63.79,56,0,8.05,clear sky
49,Bandarbeyla,SO,9.4942,50.8122,77.49,85,79,18.03,broken clouds
50,Arraial Do Cabo,BR,-22.9661,-42.0278,73.26,73,100,12.66,overcast clouds
51,Hearst,CA,49.6835,-83.6665,57.45,93,99,9.19,overcast clouds
52,Provideniya,RU,64.3833,-173.3,39.33,95,100,13.71,light rain
53,East Stroudsburg,US,40.9995,-75.1813,61.5,92,100,4.99,moderate rain
54,Kahului,US,20.8947,-156.47,78.84,79,40,9.22,scattered clouds
55,Georgetown,MY,5.4112,100.3354,78.73,95,40,5.75,scattered clouds
56,Mataura,NZ,-46.1927,168.8643,36.48,82,100,7.54,overcast clouds
57,Rocha,UY,-34.4833,-54.3333,70.41,51,50,14.0,scattered clouds
58,Tuktoyaktuk,CA,69.4541,-133.0374,30.2,100,100,12.66,fog
59,Sao Filipe,CV,14.8961,-24.4956,80.35,76,62,6.17,broken clouds
60,Lebu,CL,-37.6167,-73.65,55.04,72,26,9.26,scattered clouds
61,Jamestown,US,42.097,-79.2353,68.02,44,0,5.75,clear sky
62,Kuchera,IN,26.9839,73.9719,83.16,30,0,6.29,clear sky
63,Morris,US,40.8334,-74.5329,57.09,90,100,5.01,overcast clouds
64,Novoalekseyevskaya,RU,44.8189,40.9339,54.57,92,87,2.39,overcast clouds
65,Kruisfontein,ZA,-34.0033,24.7314,60.89,79,97,7.29,overcast clouds
66,Putina,PE,-15.4667,-69.4333,50.31,26,96,6.26,overcast clouds
67,Codrington,AU,-38.2667,141.9667,53.56,91,100,16.08,overcast clouds
68,Dmitrov,RU,56.35,37.5167,45.25,93,90,6.58,overcast clouds
69,Kodiak,US,57.79,-152.4072,53.11,82,100,21.85,heavy intensity rain
70,Canyon,US,34.9803,-101.9188,66.04,69,100,2.93,overcast clouds
71,Coquimbo,CL,-29.9533,-71.3436,64.13,59,20,14.97,few clouds
72,Torbat-E Jam,IR,35.244,60.6225,62.2,19,0,13.18,clear sky
73,Barrow,US,71.2906,-156.7887,35.62,93,100,21.85,overcast clouds
74,Hobart,AU,-42.8794,147.3294,49.26,81,100,4.61,overcast clouds
75,Hermanus,ZA,-34.4187,19.2345,58.8,77,1,11.43,clear sky
76,Torbay,CA,47.6666,-52.7314,64.89,49,20,14.97,few clouds
77,Cajamarca,PE,-7.1638,-78.5003,71.67,40,20,8.05,few clouds
78,Qaanaaq,GL,77.484,-69.3632,9.07,73,92,7.49,overcast clouds
79,Hasaki,JP,35.7333,140.8333,57.6,84,100,25.41,overcast clouds
80,Buraydah,SA,26.326,43.975,90.05,14,0,9.62,clear sky
81,Raga,SS,8.4596,25.678,70.63,91,95,2.17,light rain
82,Kodinar,IN,20.7903,70.7031,79.57,76,43,11.36,scattered clouds
83,Qasigiannguit,GL,68.8193,-51.1922,30.45,66,12,4.83,few clouds
84,Merrill,US,45.1805,-89.6835,72.37,54,40,3.44,scattered clouds
85,Cururupu,BR,-1.8283,-44.8683,87.28,57,42,8.12,scattered clouds
86,Finnsnes,NO,69.2296,17.9811,44.76,96,88,5.55,overcast clouds
87,Dudinka,RU,69.4058,86.1778,31.62,94,100,6.85,overcast clouds
88,Thompson,CA,55.7435,-97.8558,30.36,86,75,17.27,broken clouds
89,Joao Camara,BR,-5.5375,-35.8197,92.8,33,3,19.01,clear sky
90,Neuquen,AR,-38.9516,-68.0591,67.89,32,0,4.61,clear sky
91,Yulara,AU,-25.2406,130.9889,68.77,29,0,9.22,clear sky
92,Port Elizabeth,ZA,-33.918,25.5701,63.1,82,20,11.5,few clouds
93,Olinda,BR,-8.0089,-34.8553,82.13,69,75,9.22,broken clouds
94,Bambous Virieux,MU,-20.3428,57.7575,71.85,73,40,9.22,scattered clouds
95,Zyryanka,RU,65.75,150.85,19.38,92,100,29.1,snow
96,Puerto Ayora,EC,-0.7393,-90.3518,75.16,93,78,7.0,broken clouds
97,Winnemucca,US,40.973,-117.7357,64.45,27,0,8.05,clear sky
98,Senador Jose Porfirio,BR,-2.5908,-51.9542,97.38,34,11,0.76,few clouds
99,Gwadar,PK,25.1216,62.3254,79.88,84,0,8.32,clear sky
100,San Patricio,US,28.017,-97.5169,87.66,43,6,5.88,clear sky
101,Kilindoni,TZ,-7.9139,39.6668,76.46,76,27,16.2,scattered clouds
102,Veraval,IN,20.9,70.3667,80.92,77,34,12.77,scattered clouds
103,Ribeira Grande,PT,38.5167,-28.7,72.0,78,75,9.22,broken clouds
104,Yellowknife,CA,62.456,-114.3525,36.12,64,75,15.01,broken clouds
105,Nsanje,MW,-16.92,35.262,87.93,34,0,11.74,clear sky
106,Panama City,PA,8.9936,-79.5197,89.44,65,100,1.99,overcast clouds
107,Olafsvik,IS,64.8945,-23.7142,44.49,66,100,11.23,overcast clouds
108,Ahuimanu,US,21.4447,-157.8378,77.16,85,75,5.75,broken clouds
109,Port Blair,IN,11.6667,92.75,80.35,84,100,13.2,overcast clouds
110,Cartagena Del Chaira,CO,1.3349,-74.8429,96.35,38,42,2.01,scattered clouds
111,Pangnirtung,CA,66.1451,-65.7125,35.6,69,100,0.0,overcast clouds
112,Atuona,PF,-9.8,-139.0333,77.5,65,83,17.98,broken clouds
113,Chuy,UY,-33.6971,-53.4616,67.93,54,36,14.23,scattered clouds
114,Guerrero Negro,MX,27.9769,-114.0611,73.02,70,55,7.25,broken clouds
115,Okhotsk,RU,59.3833,143.3,31.05,55,99,9.89,overcast clouds
116,Sokolo,ML,14.7328,-6.1219,97.39,28,9,11.01,clear sky
117,Chara,RU,56.9064,118.2631,18.05,75,88,4.05,overcast clouds
118,Saskylakh,RU,71.9167,114.0833,5.9,97,95,4.54,overcast clouds
119,High Prairie,CA,55.4334,-116.4858,45.36,68,100,11.68,overcast clouds
120,Russell,US,32.3502,-85.1999,78.96,31,0,8.05,clear sky
121,Waiuku,NZ,-37.25,174.75,51.46,67,86,15.86,overcast clouds
122,Castro,BR,-24.7911,-50.0119,77.45,52,14,5.12,few clouds
123,Isangel,VU,-19.55,169.2667,70.92,75,28,8.12,scattered clouds
124,Kortkeros,RU,61.8106,51.5806,42.8,93,100,6.98,overcast clouds
125,Nakusp,CA,50.2499,-117.8023,57.54,82,4,2.3,light rain
126,Harrisburg,US,40.2737,-76.8844,61.0,78,100,9.22,overcast clouds
127,Tuatapere,NZ,-46.1333,167.6833,36.03,80,100,16.11,overcast clouds
128,Panaba,MX,21.2833,-88.2667,88.09,38,1,4.85,clear sky
129,Alamogordo,US,32.8995,-105.9603,67.21,68,75,6.91,broken clouds
130,Auki,SB,-8.7676,160.7034,77.09,77,99,4.81,overcast clouds
131,Namatanai,PG,-3.6667,152.4333,79.09,83,83,8.81,broken clouds
132,Adeje,ES,28.1227,-16.726,78.1,60,100,24.16,overcast clouds
133,Severo-Kurilsk,RU,50.6789,156.125,43.23,63,52,20.09,broken clouds
134,New Norfolk,AU,-42.7826,147.0587,48.92,69,100,3.0,overcast clouds
135,Klaksvik,FO,62.2266,-6.589,49.12,78,100,30.31,overcast clouds
136,Camopi,GF,3.1655,-52.3158,95.97,31,3,5.48,clear sky
137,Okha,RU,53.5739,142.9478,33.96,70,76,22.26,light snow
138,Isabela,PH,6.7085,121.9711,79.83,81,100,2.24,moderate rain
139,Juegang,CN,32.3174,121.1855,61.92,86,100,13.87,moderate rain
140,Port Lincoln,AU,-34.7333,135.8667,54.61,92,4,7.72,clear sky
141,Geraldton,AU,-28.7667,114.6,54.01,87,75,8.05,broken clouds
142,Yeppoon,AU,-23.1333,150.7333,67.78,77,99,11.86,overcast clouds
143,Alto Araguaia,BR,-17.3147,-53.2153,90.36,35,37,6.89,scattered clouds
144,Nikolskoye,RU,59.7035,30.7861,48.09,93,95,4.61,overcast clouds
145,Koumac,NC,-20.5667,164.2833,69.73,70,39,5.46,scattered clouds
146,Makakilo City,US,21.3469,-158.0858,75.97,80,0,5.75,clear sky
147,Catumbela,AO,-12.4314,13.5472,73.85,79,32,8.23,scattered clouds
148,Te Anau,NZ,-45.4167,167.7167,26.89,93,72,1.92,broken clouds
149,Narsaq,GL,60.9167,-46.05,37.62,95,100,9.64,overcast clouds
150,Ilulissat,GL,69.2167,-51.1,30.22,47,20,2.3,few clouds
151,Norman Wells,CA,65.282,-126.8329,37.44,87,20,3.44,few clouds
152,Beringovskiy,RU,63.05,179.3167,43.95,90,100,28.36,moderate rain
153,Nara,JP,34.6851,135.8049,61.92,75,5,3.87,clear sky
154,Lavrentiya,RU,65.5833,-171.0,37.81,91,100,17.25,overcast clouds
155,Kieta,PG,-6.2167,155.6333,77.79,86,94,5.3,light rain
156,Berbera,SO,10.4396,45.0143,91.31,49,84,6.85,broken clouds
157,Esperance,AU,-33.8667,121.9,54.95,65,93,19.06,overcast clouds
158,Mar Del Plata,AR,-38.0023,-57.5575,66.22,80,75,11.5,broken clouds
159,Kaitangata,NZ,-46.2817,169.8464,35.58,73,99,14.61,overcast clouds
160,Adrar,MR,20.5022,-10.0711,103.75,9,5,14.18,clear sky
161,Ardmore,US,34.1743,-97.1436,83.86,31,0,9.22,clear sky
162,Sorong,ID,-0.8833,131.25,79.65,81,93,3.09,overcast clouds
163,Progreso,MX,21.2833,-89.6667,86.11,56,0,7.85,clear sky
164,Bull Savanna,JM,17.8868,-77.5902,84.22,64,51,6.58,broken clouds
165,Talnakh,RU,69.4865,88.3972,31.21,93,84,5.68,broken clouds
166,Vao,NC,-22.6667,167.4833,69.84,59,51,9.73,broken clouds
167,Luanda,AO,-8.8368,13.2343,74.57,79,97,12.26,overcast clouds
168,Sangar,RU,63.9242,127.4739,22.1,82,63,6.62,broken clouds
169,Yuzawa,JP,39.1667,140.5,49.96,80,85,2.33,overcast clouds
170,Sola,VU,-13.8833,167.55,79.68,79,34,18.97,scattered clouds
171,Umm Bab,QA,25.2142,50.8072,87.13,57,0,9.46,clear sky
172,Las Cruces,US,32.3123,-106.7783,73.6,50,0,3.44,clear sky
173,Caravelas,BR,-17.7125,-39.2481,82.98,58,45,12.35,scattered clouds
174,Ambilobe,MG,-13.2,49.05,72.64,76,5,2.17,clear sky
175,Victoria,HK,22.2855,114.1577,84.38,78,11,10.0,few clouds
176,Liku,ID,-0.7275,119.8922,75.69,92,93,2.89,overcast clouds
177,Bako,ET,5.7833,36.5667,64.08,82,74,3.42,light rain
178,Bruntal,CZ,49.9884,17.4647,55.44,90,100,16.33,overcast clouds
179,Supe,PE,-10.8,-77.7333,64.76,69,17,12.24,few clouds
180,Puerto Escondido,MX,15.85,-97.0667,86.83,58,20,4.61,few clouds
181,Puerto Narino,CO,-3.7703,-70.3831,97.21,37,62,3.13,broken clouds
182,Ghanzi,BW,-21.5667,21.7833,86.14,10,0,9.01,clear sky
183,Hobyo,SO,5.3505,48.5268,77.63,86,17,20.49,few clouds
184,Flinders,AU,-34.5833,150.8552,58.37,92,100,3.0,moderate rain
185,Shingu,JP,33.7333,135.9833,65.44,80,99,3.4,light rain
186,Jizan,SA,17.3333,42.6667,90.54,57,48,8.14,scattered clouds
187,Peru,US,40.7537,-86.0689,74.34,31,71,5.84,broken clouds
188,Sept-Iles,CA,50.2001,-66.3821,57.72,80,75,5.75,broken clouds
189,Sumenep,ID,-7.0167,113.8667,81.0,77,100,5.23,overcast clouds
190,Kidal,ML,18.4411,1.4078,101.82,10,15,13.31,few clouds
191,Upernavik,GL,72.7868,-56.1549,20.28,77,91,5.01,overcast clouds
192,Coro,VE,11.4045,-69.6734,86.43,69,35,13.15,scattered clouds
193,Semey,KZ,50.4111,80.2275,42.22,39,65,3.8,broken clouds
194,San Quintin,MX,30.4833,-115.95,71.15,77,90,5.35,overcast clouds
195,Marystown,CA,47.1666,-55.1483,57.7,63,23,9.44,few clouds
196,Muncar,ID,-8.4333,114.3333,76.64,88,100,5.64,overcast clouds
197,Bara,NG,10.3744,10.7288,80.71,69,51,3.47,broken clouds
198,Lufilufi,WS,-13.8745,-171.5986,76.78,78,68,20.58,broken clouds
199,Zhangzhou,CN,24.5133,117.6556,78.73,83,1,0.29,clear sky
200,Piotrkow Trybunalski,PL,51.4055,19.7032,58.1,10,100,13.53,overcast clouds
201,Pitelino,RU,54.5777,41.8145,48.9,87,100,7.2,overcast clouds
202,Antalaha,MG,-14.9003,50.2788,69.53,87,0,8.77,clear sky
203,Orotukan,RU,62.2667,151.7,14.14,96,100,3.74,light snow
204,Maloy,NO,61.9353,5.1136,51.53,1,100,20.22,overcast clouds
205,Petropavlovsk-Kamchatskiy,RU,53.0452,158.6483,34.39,87,40,4.47,scattered clouds
206,Lithgow,AU,-33.4833,150.15,46.35,99,100,6.73,light rain
207,Luancheng,CN,37.8792,114.6517,48.36,54,66,2.15,broken clouds
208,Morondava,MG,-20.2833,44.2833,77.32,80,0,16.71,clear sky
209,Othaya,KE,-0.5652,36.9609,64.15,62,72,2.68,broken clouds
210,Dicabisagan,PH,17.0818,122.4157,77.83,89,100,3.98,overcast clouds
211,Pangody,RU,65.85,74.4859,31.66,93,47,4.45,scattered clouds
212,Solnechnyy,RU,50.7214,136.6319,31.08,55,1,7.87,clear sky
213,Siavonga,ZM,-16.5382,28.7088,88.03,24,0,9.93,clear sky
214,Avarua,CK,-21.2078,-159.775,73.45,78,20,13.8,few clouds
215,Aksu,CN,41.1231,80.2644,59.13,27,31,5.57,scattered clouds
216,Poum,NC,-20.2333,164.0167,73.04,64,16,14.36,few clouds
217,Bathsheba,BB,13.2167,-59.5167,88.41,70,75,23.02,broken clouds
218,Samarai,PG,-10.6167,150.6667,80.65,83,98,10.8,overcast clouds
219,Constitucion,CL,-35.3333,-72.4167,58.6,66,3,10.92,clear sky
220,Hami,CN,42.8,93.45,53.33,56,25,3.53,scattered clouds
221,Kholodnyy,RU,62.7167,147.95,16.2,94,100,4.09,light snow
222,Los Llanos De Aridane,ES,28.6585,-17.9182,73.15,78,40,12.66,scattered clouds
223,Honiara,SB,-9.4333,159.95,76.37,82,99,7.05,overcast clouds
224,Sao Francisco De Assis,BR,-29.5503,-55.1311,80.15,45,40,9.4,scattered clouds
225,Avera,US,33.194,-82.5271,75.38,22,0,2.06,clear sky
226,Emerald,AU,-23.5333,148.1667,62.35,84,1,11.01,clear sky
227,Hofn,IS,64.2539,-15.2082,46.42,53,20,12.66,few clouds
228,Turukhansk,RU,65.8167,87.9833,32.29,99,100,6.69,overcast clouds
229,Melfort,CA,52.8667,-104.6177,41.13,65,72,13.8,broken clouds
230,Bermeo,ES,43.4209,-2.7215,68.83,84,0,6.69,clear sky
231,Karratha,AU,-20.7377,116.8463,73.09,48,40,13.42,scattered clouds
232,Porto Walter,BR,-8.2686,-72.7439,98.67,32,66,4.92,broken clouds
233,Srednekolymsk,RU,67.45,153.6833,20.8,89,100,23.31,light snow
234,Carnarvon,AU,-24.8667,113.6333,64.49,59,17,22.75,few clouds
235,Sao Joaquim,BR,-28.2939,-49.9317,70.65,38,23,2.01,few clouds
236,College,US,64.8569,-147.8028,33.91,87,75,3.44,broken clouds
237,San Jose,US,37.3394,-121.895,79.5,72,100,0.0,mist
238,Houma,US,29.5958,-90.7195,83.01,62,25,4.74,scattered clouds
239,Sawakin,SD,19.1059,37.3321,88.27,59,1,6.76,clear sky
240,Thunder Bay,CA,48.4001,-89.3168,60.78,94,100,3.44,overcast clouds
241,Bethel,US,41.3712,-73.414,60.89,86,100,3.44,overcast clouds
242,Pisco,PE,-13.7,-76.2167,64.45,72,20,10.36,haze
243,Batagay-Alyta,RU,67.8006,130.4114,14.83,86,100,3.89,overcast clouds
244,Kloulklubed,PW,7.0419,134.2556,73.9,75,74,8.1,broken clouds
245,Cabo San Lucas,MX,22.8909,-109.9124,90.61,56,0,5.75,clear sky
246,Bilma,NE,18.6853,12.9164,94.96,14,8,5.57,clear sky
247,Naze,JP,28.3667,129.4833,74.32,77,52,8.75,broken clouds
248,Saint-Augustin,CA,51.226,-58.6502,62.67,40,28,8.68,scattered clouds
249,Ostrovnoy,RU,68.0531,39.5131,47.07,92,97,13.4,overcast clouds
250,Jiazi,CN,22.8779,116.067,79.16,80,61,18.39,broken clouds
251,Kibala,TD,9.1104,18.3463,82.35,74,20,2.3,few clouds
252,Pilar,BR,-9.5972,-35.9567,84.13,50,96,10.13,overcast clouds
253,Novaya Ladoga,RU,60.1025,32.3019,46.35,91,100,7.31,overcast clouds
254,Ciechanow,PL,52.8814,20.62,58.41,67,100,8.3,overcast clouds
255,Haimen,CN,23.1935,116.6142,78.69,79,22,20.42,few clouds
256,Nanuque,BR,-17.8392,-40.3539,94.6,33,93,2.73,overcast clouds
257,Kumluca,TR,36.3703,30.2869,73.9,70,3,3.8,clear sky
258,Cherskiy,RU,68.75,161.3,22.59,79,100,6.8,overcast clouds
259,Havoysund,NO,70.9963,24.6622,46.63,91,100,17.94,overcast clouds
260,Dali,CN,25.7,100.1833,59.52,96,49,4.14,scattered clouds
261,Cabo Rojo,PR,18.0866,-67.1457,91.44,64,41,10.49,scattered clouds
262,Athabasca,CA,54.7169,-113.2854,45.01,64,100,8.28,overcast clouds
263,Bahia Blanca,AR,-38.7196,-62.2724,58.84,69,100,10.58,overcast clouds
264,Alpena,US,45.0617,-83.4327,75.45,41,0,8.99,clear sky
265,Bridgetown,BB,13.1,-59.6167,88.29,70,75,23.02,broken clouds
266,Mogadishu,SO,2.0371,45.3438,77.86,86,17,13.71,few clouds
267,Caraquet,CA,47.7941,-64.9386,63.14,48,3,2.28,clear sky
268,Mikhaylovskoye,RU,51.8239,79.7172,43.74,51,75,7.65,broken clouds
269,Las Tunas,CU,20.9617,-76.9511,84.74,69,86,4.88,overcast clouds
270,Lompoc,US,34.6391,-120.4579,66.34,94,100,2.3,fog
271,Jumla,NP,29.2747,82.1838,56.25,93,100,4.0,overcast clouds
272,Walvis Bay,NA,-22.9575,14.5053,61.75,72,6,10.36,clear sky
273,Pevek,RU,69.7008,170.3133,28.65,67,100,8.3,overcast clouds
274,Hidrolandia,BR,-4.4081,-40.4378,100.6,18,1,8.16,clear sky
275,Lata,PT,40.1629,-8.3327,76.91,42,0,6.93,clear sky
276,Ketchikan,US,55.3422,-131.6461,57.67,88,100,6.91,moderate rain
277,Bengkulu,ID,-3.8004,102.2655,76.59,84,100,3.8,moderate rain
278,Kailua,US,21.4022,-157.7394,77.43,87,75,5.75,broken clouds
279,Snasa,NO,64.2457,12.3778,47.61,77,100,20.54,moderate rain
280,Saint-Pierre,RE,-21.3393,55.4781,71.28,73,0,13.8,clear sky
281,Anju,KP,39.6178,125.6647,41.49,71,99,4.76,overcast clouds
282,Vila Franca Do Campo,PT,37.7167,-25.4333,73.2,81,100,8.25,light rain
283,Taoudenni,ML,22.6783,-3.9836,108.12,7,1,5.59,clear sky
284,Malko Tarnovo,BG,41.9833,27.5333,48.49,83,5,2.15,clear sky
285,Daru,PG,-9.0763,143.2092,79.29,89,100,15.61,light rain
286,Ancud,CL,-41.8697,-73.8203,51.64,78,98,21.74,overcast clouds
287,Clyde River,CA,70.4692,-68.5914,26.83,74,100,19.57,overcast clouds
288,Mehamn,NO,71.0357,27.8492,41.7,83,100,14.83,overcast clouds
289,Pandan,PH,14.0453,124.1694,79.83,87,98,7.78,overcast clouds
290,Letterkenny,IE,54.95,-7.7333,55.33,78,81,15.32,broken clouds
291,Luganville,VU,-15.5333,167.1667,77.7,85,53,11.48,broken clouds
292,Oranjemund,NA,-28.55,16.4333,57.4,81,99,16.73,overcast clouds
293,Saint-Denis,FR,48.9167,2.3333,68.77,68,100,16.11,overcast clouds
294,Berlevag,NO,70.8578,29.0864,42.6,83,93,20.0,overcast clouds
295,Seoul,KR,37.5683,126.9778,58.39,88,75,5.75,broken clouds
296,Ilo,PE,-17.6394,-71.3375,65.26,63,75,10.36,broken clouds
297,Brewster,US,41.3973,-73.6171,61.12,94,100,3.44,light rain
298,Yantal,RU,56.8471,105.2542,25.5,91,41,4.14,scattered clouds
299,Lagoa,PT,39.05,-27.9833,68.99,82,100,22.46,light rain
300,Ende,ID,-8.8432,121.6623,78.37,89,100,0.67,overcast clouds
301,Fortuna,US,40.5982,-124.1573,62.92,83,46,3.98,scattered clouds
302,Sinnamary,GF,5.3833,-52.95,86.16,62,21,12.5,few clouds
303,Tiksi,RU,71.6872,128.8694,25.38,82,100,21.9,overcast clouds
304,Faanui,PF,-16.4833,-151.75,77.41,75,20,23.78,light rain
305,Chandbali,IN,20.7833,86.7667,79.32,88,82,7.96,broken clouds
306,Manta,EC,-0.95,-80.7333,78.58,69,40,12.66,scattered clouds
307,Altay,CN,47.8667,88.1167,40.46,40,7,3.38,clear sky
308,Katangli,RU,51.7102,143.2326,29.95,73,19,9.82,few clouds
309,Partapur,IN,23.6,74.1667,82.85,47,99,2.91,overcast clouds
310,Kontagora,NG,10.3999,5.4695,80.51,79,77,3.18,light rain
311,Kedainiai,LT,55.2883,23.9747,55.87,80,100,8.41,overcast clouds
312,Antofagasta,CL,-23.65,-70.4,61.88,61,10,10.13,clear sky
313,Semaria,IN,24.3073,79.9718,75.09,96,96,2.48,overcast clouds
314,Porto Franco,BR,-6.3383,-47.3992,105.19,15,0,8.05,clear sky
315,Bulaevo,KZ,54.9056,70.4439,47.75,42,99,7.83,overcast clouds
316,Minsk,BY,53.9,27.5667,51.55,89,100,9.44,overcast clouds
317,Vestmanna,FO,62.1564,-7.1664,47.32,76,100,27.63,overcast clouds
318,Puerto Maldonado,PE,-12.6,-69.1833,95.4,49,40,9.22,scattered clouds
319,Coahuayana,MX,18.7333,-103.6833,86.85,63,12,2.42,few clouds
320,Manapparai,IN,10.6,78.4167,81.46,79,100,2.39,overcast clouds
321,Petatlan,MX,17.5167,-101.2667,89.4,61,14,2.57,few clouds
322,La Maddalena,IT,41.2142,9.4083,73.45,71,0,13.04,clear sky
323,Hella,NO,67.2,14.4333,48.34,75,0,24.16,clear sky
324,Tilichiki,RU,60.4667,166.1,34.27,87,100,20.98,overcast clouds
325,Saint George,US,37.1041,-113.5841,78.44,29,0,1.01,clear sky
326,Arcelia,MX,18.2833,-100.2667,80.71,73,94,2.64,overcast clouds
327,Yuci,CN,37.6803,112.7319,44.35,87,40,2.24,mist
328,Cockburn Town,TC,21.4612,-71.1419,83.43,68,25,3.83,scattered clouds
329,Palmer,US,42.1584,-72.3287,59.65,85,100,13.8,overcast clouds
330,Pitimbu,BR,-7.4706,-34.8086,81.19,67,5,13.22,clear sky
331,Twin Falls,US,42.3505,-114.6445,62.94,36,0,3.44,clear sky
332,Tucuman,AR,-26.8241,-65.2226,86.0,28,0,16.11,clear sky
333,Vredendal,ZA,-31.6683,18.5012,57.2,74,100,12.88,overcast clouds
334,Boueni,YT,-12.9025,45.0761,76.98,73,30,7.38,scattered clouds
335,Otane,NZ,-39.8833,176.6333,40.01,87,75,9.66,broken clouds
336,Logan Lake,CA,50.4998,-120.8025,51.64,53,68,2.1,broken clouds
337,Nukus,UZ,42.4531,59.6103,51.78,22,0,4.61,clear sky
338,Wukari,NG,7.85,9.7833,79.86,80,72,4.45,light rain
339,Miri,MY,4.4148,114.0089,77.14,100,40,3.44,moderate rain
340,Nelson Bay,AU,-32.7167,152.15,61.0,97,100,11.01,overcast clouds
341,Koulikoro,ML,14.0,-7.75,90.45,39,2,7.0,clear sky
342,Margate,GB,51.3813,1.3862,61.9,72,92,5.01,overcast clouds
343,Ixtapa,MX,20.7,-105.2,84.22,74,75,3.0,broken clouds
344,Tecoanapa,MX,16.5167,-98.75,84.67,65,27,6.06,scattered clouds
345,Iqaluit,CA,63.7506,-68.5145,33.53,93,100,6.91,light snow
346,Airai,TL,-8.9266,125.4092,59.74,83,92,2.01,overcast clouds
347,Beloha,MG,-25.1667,45.05,69.89,84,0,6.15,clear sky
348,Tezu,IN,27.9167,96.1667,73.2,97,100,2.3,overcast clouds
349,Dingle,PH,10.9995,122.6711,76.55,91,94,6.78,overcast clouds
350,Waipawa,NZ,-41.4122,175.5153,35.91,80,100,17.98,overcast clouds
351,Camacha,PT,33.0833,-16.3333,69.22,64,20,13.8,few clouds
352,Barcelos,PT,41.5388,-8.6151,76.91,63,46,7.47,scattered clouds
353,Banswada,IN,18.3833,77.8833,73.35,95,100,4.97,light rain
354,Shubarkuduk,KZ,49.1447,56.4872,53.55,20,91,11.5,overcast clouds
355,San Jose De Guanipa,VE,8.8872,-64.1651,88.95,51,93,4.56,overcast clouds
356,Nemuro,JP,43.3236,145.575,52.36,65,100,4.09,overcast clouds
357,Chifeng,CN,42.2683,118.9636,36.57,28,93,1.95,overcast clouds
358,Micomeseng,GQ,2.1462,10.6164,69.6,99,99,2.98,moderate rain
359,Kununurra,AU,-15.7667,128.7333,78.78,78,40,4.61,scattered clouds
360,Sosnovo-Ozerskoye,RU,52.5249,111.5418,19.38,81,30,4.79,scattered clouds
361,Spirit River,CA,55.7833,-118.8361,43.23,58,100,11.05,overcast clouds
362,Broken Hill,AU,-31.95,141.4333,62.42,59,1,3.0,clear sky
363,Namibe,AO,-15.1961,12.1522,64.33,85,37,7.18,scattered clouds
364,Axim,GH,4.8699,-2.2405,77.68,84,49,7.74,scattered clouds
365,Puerto Del Rosario,ES,28.5004,-13.8627,74.95,78,0,10.36,clear sky
366,Hamilton,US,39.1834,-84.5333,76.5,34,0,3.44,clear sky
367,Genoa,IT,44.4129,8.9573,70.09,84,0,1.14,clear sky
368,Pottsville,US,40.6857,-76.1955,59.95,92,99,3.0,overcast clouds
369,Orbottyan,HU,47.6871,19.2824,59.0,58,100,5.37,overcast clouds
370,La Peca,PE,-5.6111,-78.435,89.94,38,60,2.44,broken clouds
371,Puerto Varas,CL,-41.3195,-72.9854,55.62,67,100,24.16,overcast clouds
372,Birao,CF,10.2849,22.7882,77.72,69,42,2.44,light rain
373,Natchitoches,US,31.7668,-93.1335,84.18,39,0,0.0,clear sky
374,Bolobo,CD,-2.1667,16.2333,77.76,75,88,1.92,light rain
375,Foz Do Iguacu,BR,-25.5478,-54.5881,74.19,73,75,6.91,light rain
376,Karlskrona,SE,56.1616,15.5866,57.65,87,88,16.2,overcast clouds
377,Ostersund,SE,63.1792,14.6357,47.61,100,100,18.41,overcast clouds
378,Uruzgan,AF,32.8333,66.0,62.69,13,0,1.48,clear sky
379,Pyay,MM,18.8167,95.2167,77.13,90,93,1.21,overcast clouds
380,Novopokrovka,UA,49.8425,36.5477,49.21,76,85,8.97,overcast clouds
381,Mount Gambier,AU,-37.8333,140.7667,57.11,94,100,11.5,overcast clouds
382,Bambanglipuro,ID,-7.95,110.2833,76.64,85,100,8.95,overcast clouds
383,Hauterive,FR,46.0901,3.4459,75.96,57,0,1.95,clear sky
384,Ballina,AU,-28.8667,153.5667,60.01,98,100,3.6,light rain
385,Bobo Dioulasso,BF,11.1771,-4.2979,86.45,62,20,6.91,few clouds
386,Rio Gallegos,AR,-51.6226,-69.2181,55.45,38,75,6.91,broken clouds
387,Kembe,CF,4.6228,21.8865,73.0,90,100,2.91,overcast clouds
388,Tiznit,MA,29.5833,-9.5,75.34,48,65,5.37,broken clouds
389,High Level,CA,58.5169,-117.136,37.51,81,75,8.05,broken clouds
390,Khairpur Nathan Shah,PK,27.0936,67.7337,85.64,28,0,9.08,clear sky
391,Agua Verde,MX,22.9,-106.05,82.49,68,95,3.02,overcast clouds
392,Lorengau,PG,-2.0226,147.2712,81.64,77,88,10.74,overcast clouds
393,Leningradskiy,RU,69.3833,178.4167,25.45,83,100,11.59,overcast clouds
394,Dukat,RU,62.55,155.55,10.96,96,100,6.2,overcast clouds
395,Lucea,JM,18.451,-78.1736,86.86,73,33,11.48,scattered clouds
396,Tahe,CN,52.3333,124.7333,23.77,64,19,3.91,few clouds
397,Aklavik,CA,68.2191,-135.0107,30.69,88,100,13.47,overcast clouds
398,Portree,GB,57.4129,-6.1942,52.52,78,41,22.91,light rain
399,Port Hedland,AU,-20.3167,118.5667,66.25,88,2,6.91,clear sky
400,Ishigaki,JP,24.3448,124.1572,78.93,94,40,8.05,scattered clouds
401,Dawei,MM,14.0833,98.2,76.17,93,100,3.33,overcast clouds
402,Alice Springs,AU,-23.7,133.8833,67.55,64,75,8.05,broken clouds
403,Ponta Delgada,PT,37.7333,-25.6667,73.51,94,75,3.44,light rain
404,Shelburne,CA,44.0787,-80.2041,75.76,42,24,5.7,few clouds
405,Sompeta,IN,18.9333,84.6,79.88,86,99,6.46,overcast clouds
406,Nirmali,IN,26.3167,86.5833,76.91,90,70,5.46,broken clouds
407,Mitsamiouli,KM,-11.3847,43.2844,75.72,79,38,5.37,scattered clouds
408,Gebre Guracha,ET,9.8,38.4,53.08,76,79,5.5,broken clouds
409,Sao Joao Da Barra,BR,-21.6403,-41.0511,75.29,82,96,11.39,overcast clouds
410,Nome,US,64.5011,-165.4064,28.47,86,0,0.0,clear sky
411,Uch,FR,45.3192,-0.9345,62.58,93,0,6.87,clear sky
412,Changchun,CN,43.88,125.3228,30.16,47,8,2.82,clear sky
413,Marsh Harbour,BS,26.5412,-77.0636,79.34,72,44,14.16,scattered clouds
414,Gat,IL,31.61,34.7642,78.4,100,0,7.9,clear sky
415,Anapolis,BR,-16.3267,-48.9528,82.0,54,75,4.61,moderate rain
416,Xuddur,SO,4.1213,43.8894,76.55,69,84,15.99,broken clouds
417,Matinha,BR,-3.1006,-45.0336,97.02,33,5,7.96,clear sky
418,Naryan-Mar,RU,67.6713,53.087,43.3,97,99,6.71,overcast clouds
419,Hirara,JP,24.8,125.2833,80.67,79,22,17.92,few clouds
420,Pathanamthitta,IN,9.2667,76.7833,78.73,96,100,1.74,overcast clouds
421,Cayenne,GF,4.9333,-52.3333,91.44,52,0,11.5,clear sky
422,Sibu,MY,2.3,111.8167,77.31,94,40,2.3,scattered clouds
423,Broome,US,42.2506,-75.833,69.1,53,75,3.44,broken clouds
424,Husavik,IS,66.0449,-17.3389,36.57,98,100,32.21,overcast clouds
425,Chokurdakh,RU,70.6333,147.9167,14.7,98,96,2.55,overcast clouds
426,Aksarka,RU,66.5606,67.7975,32.99,91,53,7.65,broken clouds
427,Grafton,US,42.207,-71.6856,57.96,90,100,9.22,mist
428,Normandin,CA,48.8333,-72.5321,60.93,67,95,8.05,overcast clouds
429,Grindavik,IS,63.8424,-22.4338,46.87,71,75,16.11,broken clouds
430,Necochea,AR,-38.5473,-58.7368,62.37,64,100,3.69,light rain
431,Lingao,CN,19.9103,109.6859,77.61,91,35,9.89,scattered clouds
432,Bentiu,SS,9.2333,29.8333,73.17,94,100,2.17,heavy intensity rain
433,Villarrica,PY,-25.75,-56.4333,85.26,53,12,10.22,few clouds
434,Sorkjosen,NO,69.8,20.9333,44.6,81,40,8.05,scattered clouds
435,Soyo,AO,-6.1349,12.3689,76.08,82,88,9.95,overcast clouds
436,Pendleton,US,45.6721,-118.7886,80.56,46,0,3.44,clear sky
437,Acapulco,MX,16.8634,-99.8901,85.82,66,40,5.75,scattered clouds
438,San Cristobal,VE,7.7669,-72.225,78.98,75,72,0.76,broken clouds
439,Kavaratti,IN,10.5669,72.642,81.45,77,96,14.61,overcast clouds
440,Villanueva De Cordoba,ES,38.3228,-4.6287,73.58,26,11,2.84,few clouds
441,Tupelo,US,34.2576,-88.7034,77.29,28,0,3.44,clear sky
442,Lokosovo,RU,61.1333,74.8167,34.0,87,49,2.55,scattered clouds
443,Bonavista,CA,48.6499,-53.1147,59.85,60,24,9.8,few clouds
444,Balclutha,NZ,-46.2339,169.75,32.29,87,99,8.28,light snow
445,Bubaque,GW,11.2833,-15.8333,82.67,75,8,9.71,clear sky
446,Saint-Michel-Des-Saints,CA,46.6834,-73.9159,63.93,50,35,6.29,scattered clouds
447,Rupert,US,42.6191,-113.6772,57.15,58,0,3.44,clear sky
448,Kisangani,CD,0.5167,25.2,71.71,97,95,2.59,overcast clouds
449,Kataysk,RU,56.289,62.5841,48.15,48,100,7.52,overcast clouds
450,Saldanha,ZA,-33.0117,17.9442,60.85,76,42,9.57,scattered clouds
451,Kavarskas,LT,55.4333,24.9167,52.12,83,100,8.63,overcast clouds
452,Ericeira,PT,38.9627,-9.4156,78.48,63,0,15.75,clear sky
453,Mackay,AU,-21.15,149.2,68.68,79,84,8.79,broken clouds
454,Laguna,US,38.421,-121.4238,85.01,62,0,4.61,clear sky
455,Bejar,ES,40.3864,-5.7634,70.57,33,0,2.68,clear sky
456,De Aar,ZA,-30.6497,24.0123,73.11,7,39,8.66,scattered clouds
457,Lukulu,ZM,-14.3707,23.242,80.67,15,24,7.2,few clouds
458,Lasa,IT,46.6166,10.7002,59.88,83,52,2.51,broken clouds
459,Bassar,TG,9.25,0.7833,76.15,84,98,3.38,light rain
460,Sungairaya,ID,0.7,108.9,76.84,87,97,1.74,overcast clouds
461,Vitoria Da Conquista,BR,-14.8661,-40.8394,83.61,38,77,6.35,broken clouds
462,Biak,ID,-0.9131,122.8766,75.7,86,75,0.09,broken clouds
463,Batticaloa,LK,7.7102,81.6924,80.8,78,100,6.4,overcast clouds
464,Abu Dhabi,AE,24.4667,54.3667,89.62,78,0,8.05,clear sky
465,Guhagar,IN,17.4842,73.1929,79.2,90,82,6.76,broken clouds
466,Araouane,ML,18.9048,-3.5265,101.73,16,24,11.99,few clouds
467,Luderitz,NA,-26.6481,15.1594,57.72,76,4,20.76,clear sky
468,Mawlaik,MM,23.6333,94.4167,75.2,97,63,0.81,broken clouds
469,Penzance,GB,50.1186,-5.5371,57.88,76,20,19.57,few clouds
470,Chekhov,RU,55.1431,37.4711,45.14,90,98,6.11,overcast clouds
471,Paka,MY,4.6374,103.4368,75.13,94,80,0.0,broken clouds
472,Santa Cruz,BO,-17.8,-63.1667,89.65,51,40,27.63,scattered clouds
473,Revda,RU,56.801,59.9303,44.4,54,100,5.55,overcast clouds
474,Bastia,FR,42.6667,9.3333,69.6,83,20,4.61,few clouds
475,Desna,UA,50.9273,30.7605,52.86,83,100,7.85,overcast clouds
476,Eltham,NZ,-39.4292,174.3,43.95,99,84,3.56,broken clouds
477,Port Augusta,AU,-32.5,137.7667,59.02,80,0,3.94,clear sky
478,Valparaiso,CL,-33.0393,-71.6273,64.0,86,75,12.66,broken clouds
479,Bintulu,MY,3.1667,113.0333,77.41,100,40,0.0,scattered clouds
480,Sarankhola,BD,22.3082,89.7897,78.01,91,28,3.96,scattered clouds
481,Stanovoye,RU,52.7638,38.3582,45.37,87,95,9.84,overcast clouds
482,Itarantim,BR,-15.6597,-40.0656,91.62,36,14,6.78,few clouds
483,Huarmey,PE,-10.0681,-78.1522,67.73,67,11,13.69,few clouds
484,Diffa,NE,13.3154,12.6113,88.36,45,74,7.7,broken clouds
485,Vardo,NO,70.3705,31.1107,44.06,80,89,17.13,overcast clouds
486,Tenenkou,ML,14.4572,-4.9169,94.3,30,29,7.54,scattered clouds
487,Pithoragarh,IN,29.5833,80.2167,58.46,96,30,1.01,scattered clouds
488,Kankon,IN,15.0167,74.0167,78.6,91,28,8.55,scattered clouds
489,Marovoay,MG,-16.1,46.6333,73.15,73,0,5.55,clear sky
490,Kokoda,PG,-8.8785,147.7407,73.63,94,99,0.96,overcast clouds
491,Villa Carlos Paz,AR,-31.4241,-64.4978,59.9,40,100,8.99,overcast clouds
492,Bartica,GY,6.4,-58.6167,84.52,73,96,4.5,overcast clouds
493,Inirida,CO,3.8653,-67.9239,95.23,44,90,1.45,moderate rain
494,Rio Grande,BR,-32.035,-52.0986,73.51,68,1,17.02,clear sky
495,Archidona,ES,37.0965,-4.3887,66.67,64,8,7.4,clear sky
496,Chicama,PE,-7.8447,-79.1469,61.34,56,43,11.14,scattered clouds
497,Bay Roberts,CA,47.5999,-53.2648,65.66,47,47,5.99,scattered clouds
498,Viesca,MX,25.35,-102.8,75.69,50,98,4.72,overcast clouds
499,Charleston,US,32.7766,-79.9309,78.03,41,0,10.36,clear sky
500,Carauari,BR,-4.8828,-66.8958,90.12,50,42,3.4,scattered clouds
501,Deputatskiy,RU,69.3,139.9,8.19,95,97,5.1,overcast clouds
502,Shenjiamen,CN,29.9576,122.298,67.82,72,100,13.13,overcast clouds
503,Virginia Beach,US,36.8529,-75.978,60.03,93,100,10.36,overcast clouds
504,Raudeberg,NO,61.9875,5.1352,50.67,1,99,24.05,light rain
505,Omaruru,NA,-21.4333,15.9333,77.72,15,0,8.08,clear sky
506,Qazvin,IR,36.2797,50.0049,65.82,30,0,2.3,clear sky
507,Belmonte,BR,-15.8631,-38.8828,80.76,64,51,10.76,broken clouds
508,Jacqueville,CI,5.2052,-4.4146,77.56,87,53,8.84,broken clouds
509,Torres,BR,-29.3353,-49.7269,66.2,66,0,10.69,clear sky
510,Weligama,LK,5.9667,80.4167,77.47,87,100,11.5,overcast clouds
511,Inverness,GB,57.4791,-4.224,53.51,77,20,14.97,few clouds
512,Zhengjiatun,CN,43.5064,123.5064,37.62,44,2,3.27,clear sky
513,San Antonio,US,29.4241,-98.4936,88.27,41,0,4.61,clear sky
514,Grand Bank,CA,47.0999,-55.765,59.0,62,19,9.31,few clouds
515,Konch,IN,25.9833,79.15,76.06,92,98,8.57,overcast clouds
516,Igrim,RU,63.1906,64.4162,43.29,97,100,7.34,overcast clouds
517,Uong Bi,VN,21.0333,106.7833,80.58,91,5,3.38,clear sky
518,Virpur,IN,23.1833,73.4833,84.43,44,99,1.83,overcast clouds
519,Ugoofaaru,MV,5.6667,73.0,81.41,77,100,16.51,overcast clouds
520,Dekernes,EG,31.0876,31.595,72.1,67,0,6.6,clear sky
521,Mansehra,PK,34.3333,73.2,64.89,48,0,5.46,clear sky
522,Pochutla,MX,15.7432,-96.4661,89.42,60,96,4.88,overcast clouds
523,Sisimiut,GL,66.9395,-53.6735,32.85,67,16,5.12,few clouds
524,Severodvinsk,RU,64.5635,39.8302,48.31,94,97,6.31,overcast clouds
525,Imbituba,BR,-28.24,-48.6703,66.99,68,43,8.59,scattered clouds
526,Gornopravdinsk,RU,60.05,69.9,42.24,97,100,5.1,overcast clouds
527,Sagaing,MM,21.8787,95.9797,78.35,84,9,5.82,clear sky
528,Porto Belo,BR,-27.1578,-48.5531,73.09,77,80,7.14,broken clouds
529,Barao De Melgaco,BR,-16.1944,-55.9675,99.19,27,51,7.65,broken clouds
530,Canaries,ES,28.0,-15.5,74.39,41,99,24.16,overcast clouds
531,Carnot,CF,4.9409,15.8665,72.57,91,90,1.63,overcast clouds
532,Mehran,IR,33.1222,46.1646,90.45,12,0,10.13,clear sky
533,Santa Lucia,ES,27.9117,-15.5407,73.76,41,97,24.16,overcast clouds
534,Sfantu Gheorghe,RO,45.8667,25.7833,49.26,78,92,1.83,overcast clouds
535,Moulins,FR,46.5,3.3333,63.1,65,0,2.84,clear sky
536,Mbini,GQ,1.574,9.6134,77.04,89,96,5.88,moderate rain
537,Vila Velha,BR,-20.3297,-40.2925,76.95,80,75,11.5,broken clouds
538,Katsuura,JP,35.1333,140.3,64.85,89,100,21.68,overcast clouds
539,Rapid Valley,US,44.0625,-103.1463,71.42,51,0,16.11,clear sky
540,Brigantine,US,39.4101,-74.3646,64.06,87,100,10.36,overcast clouds
541,Sorland,NO,67.667,12.6934,50.94,72,91,24.25,overcast clouds
542,Kavieng,PG,-2.5744,150.7967,82.08,78,51,14.12,broken clouds
543,Alta Floresta,BR,-9.8756,-56.0861,94.82,46,75,4.61,broken clouds
544,Kiama,AU,-34.6833,150.8667,58.57,92,100,13.0,light rain
545,Rumoi,JP,43.9344,141.6428,46.22,76,96,14.54,light rain
546,Bacolod,PH,10.6667,122.95,79.03,82,100,3.85,overcast clouds
547,Isiro,CD,2.7739,27.616,67.26,98,67,1.5,moderate rain
548,Jambi,ID,-1.6,103.6167,73.38,98,99,1.68,overcast clouds
549,Igarka,RU,67.4667,86.5833,29.61,90,97,10.13,overcast clouds
550,Ahipara,NZ,-35.1667,173.1667,53.17,71,100,18.39,overcast clouds
551,Tashtyp,RU,52.7939,89.8983,35.92,95,100,8.66,light rain
552,Tura,IN,25.5198,90.2201,72.1,96,94,2.82,overcast clouds
553,Coihaique,CL,-45.5752,-72.0662,54.21,62,100,10.36,overcast clouds
554,Kingman,US,35.1894,-114.053,84.13,24,0,3.0,clear sky
555,Kindu,CD,-2.95,25.95,70.09,98,97,0.58,moderate rain
556,Mulchen,CL,-37.7167,-72.2333,57.06,36,2,6.04,clear sky
557,Ust-Omchug,RU,61.15,149.6333,11.39,97,100,3.2,overcast clouds
558,Mazagao,BR,-0.115,-51.2894,95.05,40,27,6.29,scattered clouds
559,Margherita,IN,27.2833,95.6833,72.9,99,89,1.52,overcast clouds
560,Chachapoyas,PE,-6.2317,-77.869,67.82,63,98,3.38,light rain
561,Dehloran,IR,32.6941,47.2679,91.76,8,0,9.22,clear sky
562,Labuhan,ID,-6.8844,112.2051,77.22,84,100,10.71,overcast clouds
563,Salalah,OM,17.0151,54.0924,78.89,83,20,5.75,few clouds
564,Yumen,CN,40.2833,97.2,43.02,66,39,7.16,scattered clouds
565,Mohan,IN,26.7833,80.6833,76.95,96,100,10.47,overcast clouds
566,Yerofey Pavlovich,RU,53.9667,121.9667,23.14,68,22,3.29,few clouds
567,Temba,ZA,-25.3803,28.2631,86.02,26,0,5.5,clear sky
568,Gogrial,SS,8.5332,28.1004,75.9,79,92,2.39,light rain
569,Nuuk,GL,64.1835,-51.7216,38.01,87,75,4.61,broken clouds
570,Lulea,SE,65.5842,22.1547,46.47,100,100,6.91,drizzle
571,Magistralnyy,RU,56.1725,107.4458,25.66,81,28,3.6,scattered clouds
572,Port-Gentil,GA,-0.7193,8.7815,78.76,83,40,10.36,scattered clouds
573,Baft,IR,29.234,56.6057,62.76,19,0,12.19,clear sky
574,Zhigansk,RU,66.7697,123.3711,24.37,95,100,7.36,light snow
575,Kaeo,NZ,-35.1,173.7833,49.32,91,98,10.65,overcast clouds
576,Quzhou,CN,28.9594,118.8686,65.7,75,100,7.25,overcast clouds
577,Kirakira,SB,-10.4544,161.9205,80.04,79,78,6.26,broken clouds
578,Douglas,US,41.3,-96.167,71.83,58,0,11.5,clear sky
579,Tanout,NE,14.9709,8.8879,96.35,15,79,10.47,broken clouds
580,Roald,NO,62.5833,6.1333,51.94,76,40,17.27,scattered clouds
581,Mayo,US,38.8876,-76.5119,61.29,84,100,10.36,overcast clouds
582,Aktyubinskiy,RU,54.8137,52.8056,45.48,78,99,15.17,overcast clouds
583,Manbij,SY,36.5281,37.9549,75.92,39,95,8.41,overcast clouds
584,Biltine,TD,14.5333,20.9167,94.17,18,80,3.58,broken clouds
585,Cibitoke,BI,-2.8833,29.25,72.82,59,96,4.59,overcast clouds
586,Barberton,ZA,-25.7884,31.0532,77.09,47,0,1.23,clear sky
587,Asau,RO,46.4333,26.4,52.72,72,99,5.61,overcast clouds
588,Nueva Loja,EC,0.0847,-76.8828,95.4,37,73,2.55,broken clouds
589,Vangaindrano,MG,-23.35,47.6,68.31,89,0,6.35,clear sky
590,Fairbanks,US,64.8378,-147.7164,33.93,88,75,3.44,broken clouds
591,Abilene,US,32.4487,-99.7331,84.27,30,0,8.05,clear sky
592,Manica,FR,49.0,-1.1667,56.16,84,82,11.34,broken clouds
593,Angoram,PG,-4.0625,144.0661,73.96,99,98,1.81,overcast clouds
594,Saint Simons,US,31.1352,-81.3901,85.01,33,0,11.5,clear sky
595,Zabol,AF,32.25,67.25,63.09,14,0,10.31,clear sky
596,Mandalgovi,MN,45.7625,106.2708,33.24,26,26,5.55,scattered clouds
597,Atambua,ID,-9.1061,124.8925,74.34,87,89,3.31,overcast clouds
598,Iquique,CL,-20.2208,-70.1431,64.44,62,0,9.28,clear sky
599,Baykit,RU,61.67,96.37,31.89,98,100,2.68,light snow
600,Narasannapeta,IN,18.4167,84.05,79.5,88,100,7.67,overcast clouds
601,Chavakkad,IN,10.5333,76.05,77.95,88,100,7.31,overcast clouds
602,Severo-Yeniseyskiy,RU,60.3725,93.0408,28.45,98,100,5.41,light snow
603,Atasu,KZ,48.6814,71.6433,47.26,34,3,8.03,clear sky
604,Mapiri,BO,-15.25,-68.1667,88.07,46,67,4.41,broken clouds
605,Beaverlodge,CA,55.2166,-119.4361,45.75,60,100,7.63,overcast clouds
606,Abensberg,DE,48.8167,11.85,60.89,84,90,5.06,overcast clouds
607,Nushki,PK,29.5542,66.0215,74.1,10,0,3.91,clear sky
608,Ode,NG,7.7899,5.7117,72.93,87,96,2.17,moderate rain
609,Qaqortoq,GL,60.7167,-46.0333,37.47,90,100,10.98,overcast clouds
610,Glomfjord,NO,66.8167,13.9667,44.1,83,100,11.14,overcast clouds
611,Mildura,AU,-34.2,142.15,57.16,94,44,7.85,scattered clouds
612,Sobolevo,RU,54.4299,31.8996,46.4,93,100,8.97,overcast clouds
613,Malgrat De Mar,ES,41.6466,2.7414,72.99,81,6,2.75,clear sky
614,Westport,US,41.1415,-73.3579,62.15,91,100,5.75,overcast clouds
615,Henties Bay,NA,-22.116,14.2845,55.27,91,8,10.36,clear sky
616,Poya,NC,-21.35,165.15,66.94,74,78,2.21,broken clouds
617,Tanabe,JP,33.7333,135.3667,63.3,82,62,6.82,broken clouds
618,Hambantota,LK,6.1241,81.1185,78.96,81,100,17.67,overcast clouds
619,Krasnogvardeyskoye,RU,45.8456,41.5186,59.4,67,85,4.12,overcast clouds
620,Burns Lake,CA,54.2331,-125.7533,51.22,84,84,1.32,broken clouds
621,Mecca,SA,21.4267,39.8261,87.04,37,1,3.83,clear sky
622,Shimanovsk,RU,52.0,127.7,27.55,67,24,7.47,few clouds
623,Katherine,AU,-14.4667,132.2667,82.72,61,40,0.0,scattered clouds
624,Mana,GF,5.6592,-53.7767,85.5,64,7,13.11,clear sky
625,Otaru,JP,43.1894,141.0022,46.02,76,92,14.07,overcast clouds
626,Havre-Saint-Pierre,CA,50.2334,-63.5986,53.96,76,75,3.44,broken clouds
627,Minador Do Negrao,BR,-9.3053,-36.8647,86.9,43,43,15.14,scattered clouds
628,Sibolga,ID,1.7427,98.7792,76.14,88,100,1.07,overcast clouds
629,Kaura Namoda,NG,12.5898,6.5779,82.18,57,95,14.34,light rain
630,Atar,MR,20.5169,-13.0499,103.05,11,9,19.84,clear sky
631,Richards Bay,ZA,-28.783,32.0377,73.2,83,50,5.44,scattered clouds
632,Cabatuan,PH,10.8794,122.486,77.05,86,92,7.49,overcast clouds
633,Gikongoro,RW,-2.464,29.5739,62.08,69,80,1.25,broken clouds
634,Umea,SE,63.8284,20.2597,49.93,100,75,5.75,broken clouds
635,Bhum,IN,18.4667,75.6667,75.2,72,100,8.52,moderate rain
636,Anzio,IT,41.4853,12.6179,71.13,74,8,5.57,clear sky
637,Nola,IT,40.922,14.5329,70.63,69,32,0.96,scattered clouds
638,Itamaraju,BR,-17.0392,-39.5311,92.03,34,19,11.18,few clouds
639,Piney Green,US,34.716,-77.3202,73.02,50,0,12.66,clear sky
640,Kenai,US,60.5544,-151.2583,50.09,81,100,16.11,overcast clouds
641,Peace River,CA,56.2501,-117.286,44.91,81,100,6.91,overcast clouds
642,Mabaruma,GY,8.2,-59.7833,77.83,95,100,4.79,overcast clouds
643,Morgan City,US,29.6994,-91.2068,82.99,61,40,4.61,scattered clouds
644,Vilhena,BR,-12.7406,-60.1458,89.82,45,40,13.8,scattered clouds
645,Arman,RU,59.7,150.1667,21.02,71,97,5.59,overcast clouds
646,Urucui,BR,-7.2294,-44.5561,102.83,14,0,8.68,clear sky
647,Cabra,ES,37.4725,-4.4421,75.9,42,5,8.16,clear sky
648,Kumba,CM,4.6363,9.4469,72.82,95,97,2.24,light rain
649,Manuk Mangkaw,PH,4.8,119.85,82.29,75,51,0.81,broken clouds
650,Boundiali,CI,9.5217,-6.4869,76.12,87,62,4.97,light rain
651,Camalu,MX,30.85,-116.0667,73.02,71,74,7.14,broken clouds
652,San Pedro De Macoris,DO,18.4616,-69.2972,90.21,69,22,7.4,few clouds
653,Collie,AU,-33.3667,116.15,41.79,80,34,2.93,scattered clouds
654,Waingapu,ID,-9.6567,120.2641,79.75,83,100,4.5,moderate rain
655,Wanning,CN,18.8003,110.3967,79.18,86,83,7.7,broken clouds
656,Dunda,TZ,-8.1167,34.25,74.23,33,38,9.42,scattered clouds
657,Riverton,US,40.5219,-111.9391,73.44,40,0,4.61,clear sky
658,Manggar,ID,-2.8833,108.2667,80.13,78,100,3.09,overcast clouds
659,Quatre Cocos,MU,-20.2078,57.7625,71.71,73,16,13.76,few clouds
660,Harbour Breton,CA,47.4833,-55.7983,54.54,73,28,10.36,scattered clouds
661,Jeremie,HT,18.65,-74.1167,85.66,72,69,8.05,broken clouds
662,Mount Isa,AU,-20.7333,139.5,67.77,100,45,2.3,scattered clouds
663,Diamantino,BR,-14.4086,-56.4461,96.67,31,61,9.22,broken clouds
664,Salinopolis,BR,-0.6136,-47.3561,83.86,66,18,13.35,few clouds
665,Muzaffarabad,PK,34.37,73.4711,67.37,52,0,5.35,clear sky
666,Cedar City,US,37.6775,-113.0619,66.4,44,0,0.0,clear sky
667,Ha Tinh,VN,18.3333,105.9,75.87,93,49,3.36,scattered clouds
668,San Miguel,SV,13.4833,-88.1833,91.0,64,0,3.44,clear sky
669,Tres Arroyos,AR,-38.3739,-60.2798,58.98,64,100,3.91,light rain
670,Madingou,CG,-4.1536,13.55,80.98,69,91,7.49,overcast clouds
671,Riohacha,CO,11.5444,-72.9072,87.91,74,40,6.91,scattered clouds
672,Itarema,BR,-2.9248,-39.9167,85.06,59,19,20.67,few clouds
673,Muzhi,RU,65.3667,64.6667,40.06,97,100,7.23,light rain
674,Yar-Sale,RU,66.8333,70.8333,33.76,86,69,7.61,broken clouds
675,Mackenzie,CA,55.2999,-123.1698,55.62,58,40,6.91,scattered clouds
676,Bosobolo,CD,4.1833,19.9,73.33,89,80,1.86,broken clouds
677,Porteirinha,BR,-15.7433,-43.0283,94.57,23,48,4.23,scattered clouds
678,Octeville,FR,49.6261,-1.6435,58.78,82,75,19.57,broken clouds
679,Cortes,ES,41.9395,-1.4396,81.68,44,0,6.17,clear sky
680,Aksha,RU,50.2814,113.2867,24.67,78,47,2.98,scattered clouds
